payment_id,payment_date,payment_mode,payment_status,order_id
1,23-07-2025,Credit Card,Success,1
2,09-12-2025,Gift Card,Success,2
3,09-04-2025,Gift Card,Success,3
4,10-05-2025,Debit Card,Success,4
5,15-01-2024,Debit Card,Success,5
6,10-08-2025,Amazon Pay,Success,6
7,14-02-2025,Debit Card,Success,7
8,02-03-2025,Gift Card,Success,8
9,27-09-2025,Credit Card,Success,9
10,06-04-2025,Amazon Pay,Success,10
11,27-09-2024,PayPal,Pending,11
12,18-06-2024,Amazon Pay,Pending,12
13,20-05-2025,Debit Card,Pending,13
14,19-11-2025,Gift Card,Failed,14
15,03-04-2024,Amazon Pay,Success,15
16,14-02-2025,Amazon Pay,Refunded,16
17,04-11-2025,Amazon Pay,Refunded,17
18,27-07-2024,Credit Card,Success,18
19,02-09-2024,Debit Card,Success,19
20,25-10-2025,Amazon Pay,Refunded,20
21,12-04-2025,Credit Card,Success,21
22,14-12-2024,Gift Card,Refunded,22
23,02-04-2025,PayPal,Success,23
24,08-08-2025,Amazon Pay,Success,24
25,27-08-2025,Credit Card,Success,25
26,07-06-2024,PayPal,Success,26
27,03-10-2025,Debit Card,Success,27
28,10-10-2025,PayPal,Success,28
29,18-01-2025,Debit Card,Success,29
30,26-01-2025,PayPal,Success,30
31,10-01-2024,PayPal,Success,31
32,10-03-2025,Credit Card,Success,32
33,02-01-2025,PayPal,Success,33
34,12-08-2024,Credit Card,Pending,34
35,14-05-2024,Gift Card,Success,35
36,06-10-2024,Credit Card,Refunded,36
37,19-08-2024,Gift Card,Refunded,37
38,19-11-2025,Amazon Pay,Pending,38
39,01-12-2024,Amazon Pay,Refunded,39
40,08-02-2024,Amazon Pay,Success,40
41,14-12-2025,Gift Card,Refunded,41
42,07-12-2025,Gift Card,Success,42
43,09-10-2024,Gift Card,Success,43
44,06-09-2024,PayPal,Refunded,44
45,03-01-2024,Gift Card,Success,45
46,28-09-2024,Gift Card,Pending,46
47,30-05-2025,Amazon Pay,Success,47
48,17-05-2025,Credit Card,Success,48
49,10-10-2025,Gift Card,Success,49
50,27-04-2024,PayPal,Refunded,50
51,07-04-2024,Credit Card,Success,51
52,05-04-2024,Gift Card,Success,52
53,24-02-2025,Credit Card,Pending,53
54,07-06-2024,Credit Card,Success,54
55,15-03-2025,PayPal,Failed,55
56,26-05-2024,Debit Card,Success,56
57,15-12-2024,Credit Card,Success,57
58,24-09-2025,Amazon Pay,Success,58
59,08-06-2025,PayPal,Success,59
60,05-09-2025,PayPal,Success,60
61,16-03-2025,Credit Card,Success,61
62,13-02-2024,Gift Card,Success,62
63,03-03-2025,PayPal,Success,63
64,06-09-2024,Debit Card,Success,64
65,19-03-2024,Debit Card,Success,65
66,19-09-2024,Amazon Pay,Pending,66
67,01-10-2025,PayPal,Success,67
68,17-04-2025,Gift Card,Pending,68
69,18-04-2025,Amazon Pay,Success,69
70,27-03-2024,Gift Card,Pending,70
71,16-01-2025,PayPal,Refunded,71
72,30-01-2025,PayPal,Success,72
73,09-11-2025,Debit Card,Success,73
74,17-11-2025,PayPal,Success,74
75,20-05-2024,Credit Card,Success,75
76,24-09-2025,Debit Card,Success,76
77,08-01-2025,Debit Card,Success,77
78,25-04-2025,Gift Card,Success,78
79,23-07-2024,PayPal,Refunded,79
80,29-12-2025,Credit Card,Failed,80
81,23-12-2024,Credit Card,Refunded,81
82,22-11-2024,Amazon Pay,Refunded,82
83,22-03-2024,Gift Card,Success,83
84,22-10-2024,Amazon Pay,Success,84
85,03-09-2025,Gift Card,Success,85
86,02-03-2025,Gift Card,Success,86
87,26-04-2025,PayPal,Success,87
88,03-11-2025,Debit Card,Success,88
89,08-10-2025,Credit Card,Success,89
90,19-11-2024,Debit Card,Refunded,90
91,18-02-2024,Amazon Pay,Refunded,91
92,23-05-2025,Credit Card,Success,92
93,12-07-2025,Gift Card,Success,93
94,30-03-2025,Credit Card,Success,94
95,19-02-2025,Debit Card,Success,95
96,03-08-2025,Credit Card,Pending,96
97,10-01-2025,Amazon Pay,Success,97
98,23-09-2024,Debit Card,Success,98
99,07-04-2025,PayPal,Success,99
100,29-12-2025,Debit Card,Success,100
101,27-01-2024,PayPal,Success,101
102,05-05-2025,Amazon Pay,Success,102
103,18-12-2024,Credit Card,Success,103
104,17-06-2024,PayPal,Pending,104
105,29-05-2025,PayPal,Pending,105
106,24-03-2024,Credit Card,Success,106
107,12-07-2025,Amazon Pay,Success,107
108,13-09-2025,PayPal,Success,108
109,30-09-2024,Amazon Pay,Success,109
110,01-12-2024,Amazon Pay,Refunded,110
111,01-06-2025,PayPal,Success,111
112,19-11-2025,PayPal,Success,112
113,14-02-2025,Amazon Pay,Success,113
114,27-11-2025,Gift Card,Success,114
115,22-07-2024,PayPal,Success,115
116,01-06-2024,Amazon Pay,Pending,116
117,30-08-2025,Credit Card,Success,117
118,05-12-2025,Gift Card,Success,118
119,06-10-2025,Debit Card,Pending,119
120,04-03-2025,Debit Card,Success,120
121,28-11-2024,Gift Card,Refunded,121
122,23-11-2025,Gift Card,Pending,122
123,22-10-2024,PayPal,Success,123
124,10-07-2025,Amazon Pay,Success,124
125,04-10-2024,Gift Card,Refunded,125
126,23-02-2024,Credit Card,Success,126
127,20-02-2025,Credit Card,Pending,127
128,08-02-2024,PayPal,Refunded,128
129,04-08-2025,Amazon Pay,Success,129
130,04-12-2024,PayPal,Pending,130
131,16-07-2024,Debit Card,Success,131
132,11-09-2024,Gift Card,Pending,132
133,31-10-2025,Amazon Pay,Success,133
134,14-11-2024,Amazon Pay,Success,134
135,12-09-2025,Credit Card,Success,135
136,21-12-2025,Debit Card,Success,136
137,28-03-2025,Amazon Pay,Success,137
138,09-06-2025,Credit Card,Success,138
139,16-02-2024,Amazon Pay,Success,139
140,18-10-2025,Gift Card,Refunded,140
141,01-05-2024,Credit Card,Success,141
142,20-11-2025,PayPal,Success,142
143,25-04-2024,Gift Card,Success,143
144,19-11-2025,Gift Card,Success,144
145,27-02-2024,Debit Card,Success,145
146,03-03-2024,PayPal,Success,146
147,22-11-2024,Amazon Pay,Success,147
148,03-11-2024,Amazon Pay,Refunded,148
149,01-02-2025,Gift Card,Success,149
150,21-01-2025,Debit Card,Success,150
151,04-08-2024,Amazon Pay,Success,151
152,11-11-2024,PayPal,Success,152
153,27-02-2025,PayPal,Success,153
154,23-08-2024,PayPal,Success,154
155,13-07-2025,Debit Card,Success,155
156,03-06-2024,Amazon Pay,Success,156
157,28-06-2025,Credit Card,Success,157
158,21-11-2025,PayPal,Success,158
159,21-03-2024,PayPal,Success,159
160,02-02-2024,Debit Card,Success,160
161,22-10-2025,Amazon Pay,Pending,161
162,01-12-2025,Amazon Pay,Refunded,162
163,31-07-2025,Credit Card,Success,163
164,18-03-2024,Amazon Pay,Success,164
165,20-07-2025,PayPal,Refunded,165
166,25-03-2024,PayPal,Success,166
167,06-01-2024,Amazon Pay,Refunded,167
168,08-06-2025,Gift Card,Success,168
169,13-01-2024,Gift Card,Success,169
170,22-06-2024,Amazon Pay,Success,170
171,10-05-2025,Debit Card,Pending,171
172,07-11-2024,PayPal,Success,172
173,31-08-2025,Amazon Pay,Success,173
174,12-12-2025,Gift Card,Success,174
175,17-07-2025,Debit Card,Success,175
176,05-11-2025,Amazon Pay,Pending,176
177,02-06-2025,Debit Card,Refunded,177
178,19-09-2025,Gift Card,Pending,178
179,14-08-2024,Credit Card,Success,179
180,01-03-2025,Debit Card,Success,180
181,02-05-2025,Credit Card,Success,181
182,24-11-2025,Amazon Pay,Failed,182
183,06-10-2025,Gift Card,Success,183
184,22-12-2025,Debit Card,Success,184
185,13-04-2025,Amazon Pay,Pending,185
186,26-12-2024,PayPal,Failed,186
187,29-04-2024,Amazon Pay,Success,187
188,12-10-2025,Amazon Pay,Pending,188
189,10-01-2024,Amazon Pay,Success,189
190,30-03-2025,PayPal,Success,190
191,21-06-2024,PayPal,Success,191
192,09-07-2025,Credit Card,Failed,192
193,05-04-2025,Gift Card,Success,193
194,22-05-2024,PayPal,Pending,194
195,30-09-2024,Debit Card,Refunded,195
196,29-12-2025,PayPal,Success,196
197,18-03-2024,Gift Card,Success,197
198,05-04-2024,Debit Card,Pending,198
199,21-05-2025,Credit Card,Success,199
200,17-01-2024,Debit Card,Success,200
201,04-01-2025,Debit Card,Success,201
202,21-12-2025,Gift Card,Success,202
203,13-12-2025,Debit Card,Success,203
204,14-04-2024,Debit Card,Success,204
205,09-01-2024,Amazon Pay,Pending,205
206,10-08-2024,PayPal,Success,206
207,10-09-2024,PayPal,Success,207
208,04-11-2024,Amazon Pay,Success,208
209,15-10-2025,Amazon Pay,Pending,209
210,13-07-2025,Debit Card,Success,210
211,11-02-2025,Gift Card,Pending,211
212,26-03-2024,Amazon Pay,Pending,212
213,27-10-2025,Credit Card,Success,213
214,18-09-2025,Credit Card,Success,214
215,19-06-2025,Amazon Pay,Success,215
216,26-09-2024,Amazon Pay,Pending,216
217,10-06-2024,Credit Card,Success,217
218,07-09-2024,Amazon Pay,Success,218
219,02-03-2025,Credit Card,Refunded,219
220,17-02-2024,Gift Card,Refunded,220
221,24-07-2024,Debit Card,Success,221
222,03-06-2024,PayPal,Success,222
223,20-01-2025,Credit Card,Failed,223
224,05-04-2024,Amazon Pay,Success,224
225,01-06-2025,PayPal,Success,225
226,18-12-2025,Debit Card,Failed,226
227,21-08-2025,Credit Card,Success,227
228,31-07-2024,Gift Card,Success,228
229,31-05-2024,PayPal,Success,229
230,01-02-2024,Credit Card,Refunded,230
231,14-02-2025,Credit Card,Success,231
232,30-03-2025,Credit Card,Failed,232
233,19-03-2025,Debit Card,Failed,233
234,08-10-2024,Gift Card,Success,234
235,13-10-2024,Credit Card,Success,235
236,02-01-2025,Debit Card,Success,236
237,12-08-2024,Credit Card,Success,237
238,29-09-2024,Debit Card,Success,238
239,15-12-2025,Amazon Pay,Success,239
240,17-05-2025,Amazon Pay,Success,240
241,25-07-2024,Debit Card,Refunded,241
242,23-04-2024,Debit Card,Failed,242
243,16-10-2025,Debit Card,Refunded,243
244,06-12-2025,Credit Card,Success,244
245,18-09-2025,PayPal,Success,245
246,26-12-2025,Credit Card,Success,246
247,02-01-2024,Amazon Pay,Success,247
248,13-04-2024,PayPal,Failed,248
249,17-04-2024,Gift Card,Success,249
250,20-09-2025,PayPal,Refunded,250
251,14-12-2025,Gift Card,Success,251
252,06-06-2024,Amazon Pay,Success,252
253,30-07-2024,Amazon Pay,Success,253
254,28-09-2024,Debit Card,Success,254
255,26-03-2025,Credit Card,Success,255
256,08-07-2025,Gift Card,Success,256
257,02-05-2025,Gift Card,Pending,257
258,04-04-2025,Gift Card,Success,258
259,09-03-2024,Gift Card,Pending,259
260,25-04-2024,Gift Card,Success,260
261,02-07-2025,Amazon Pay,Refunded,261
262,28-11-2025,PayPal,Success,262
263,06-11-2024,Gift Card,Success,263
264,04-08-2024,Debit Card,Refunded,264
265,02-06-2025,Credit Card,Success,265
266,21-02-2024,Credit Card,Refunded,266
267,31-08-2025,Amazon Pay,Success,267
268,07-08-2024,Amazon Pay,Failed,268
269,07-09-2025,Amazon Pay,Failed,269
270,15-04-2025,Credit Card,Success,270
271,18-01-2025,PayPal,Success,271
272,24-09-2024,Debit Card,Success,272
273,29-10-2024,Debit Card,Success,273
274,15-08-2024,Debit Card,Success,274
275,11-05-2024,Debit Card,Pending,275
276,15-01-2025,Gift Card,Pending,276
277,18-07-2024,PayPal,Success,277
278,26-05-2024,Credit Card,Success,278
279,21-06-2024,Amazon Pay,Success,279
280,27-01-2025,Debit Card,Success,280
281,03-10-2025,Amazon Pay,Success,281
282,20-06-2024,Gift Card,Success,282
283,04-12-2025,Credit Card,Refunded,283
284,14-05-2024,Credit Card,Success,284
285,18-09-2024,Amazon Pay,Pending,285
286,14-07-2025,Gift Card,Success,286
287,18-12-2025,Debit Card,Pending,287
288,26-09-2024,PayPal,Failed,288
289,18-11-2025,Gift Card,Success,289
290,13-04-2024,Credit Card,Refunded,290
291,16-11-2024,PayPal,Success,291
292,28-09-2025,Amazon Pay,Success,292
293,07-12-2025,Amazon Pay,Refunded,293
294,25-11-2025,Credit Card,Success,294
295,05-03-2024,Debit Card,Success,295
296,05-12-2025,Debit Card,Success,296
297,25-02-2024,Credit Card,Success,297
298,20-10-2025,PayPal,Success,298
299,31-10-2025,Credit Card,Pending,299
300,07-11-2024,Gift Card,Success,300
301,03-11-2025,PayPal,Success,301
302,17-01-2025,Credit Card,Success,302
303,11-07-2024,Credit Card,Success,303
304,26-08-2025,Amazon Pay,Refunded,304
305,30-06-2024,Gift Card,Success,305
306,04-03-2025,Gift Card,Refunded,306
307,14-07-2025,PayPal,Refunded,307
308,15-05-2024,Gift Card,Refunded,308
309,14-11-2025,Credit Card,Success,309
310,17-11-2025,Debit Card,Success,310
311,27-07-2024,Debit Card,Success,311
312,07-06-2025,Gift Card,Pending,312
313,14-09-2024,Debit Card,Success,313
314,30-06-2024,Amazon Pay,Refunded,314
315,13-05-2024,Credit Card,Pending,315
316,04-11-2024,Gift Card,Success,316
317,12-06-2024,PayPal,Success,317
318,11-08-2024,Debit Card,Refunded,318
319,06-09-2024,PayPal,Refunded,319
320,18-01-2025,PayPal,Success,320
321,20-06-2024,Amazon Pay,Refunded,321
322,20-12-2025,Credit Card,Refunded,322
323,14-09-2024,Amazon Pay,Success,323
324,20-11-2025,Credit Card,Success,324
325,18-04-2024,Credit Card,Success,325
326,13-08-2024,PayPal,Success,326
327,22-07-2025,Gift Card,Success,327
328,18-12-2024,Credit Card,Success,328
329,25-02-2024,Amazon Pay,Failed,329
330,18-11-2025,Amazon Pay,Success,330
331,06-11-2025,PayPal,Success,331
332,30-12-2025,Amazon Pay,Pending,332
333,08-11-2024,Gift Card,Success,333
334,03-10-2025,Gift Card,Pending,334
335,27-08-2025,Debit Card,Success,335
336,26-08-2025,Amazon Pay,Pending,336
337,09-11-2025,Amazon Pay,Success,337
338,14-05-2025,Gift Card,Success,338
339,10-04-2025,PayPal,Refunded,339
340,06-08-2025,Debit Card,Success,340
341,19-12-2024,Amazon Pay,Success,341
342,10-06-2025,Credit Card,Success,342
343,26-04-2024,Credit Card,Success,343
344,10-08-2025,Credit Card,Success,344
345,13-06-2025,Gift Card,Refunded,345
346,23-06-2024,Gift Card,Success,346
347,03-12-2025,Amazon Pay,Success,347
348,26-07-2024,Credit Card,Success,348
349,30-04-2024,PayPal,Success,349
350,15-03-2025,Amazon Pay,Success,350
351,17-10-2024,Gift Card,Success,351
352,08-01-2024,Debit Card,Success,352
353,16-09-2024,Amazon Pay,Success,353
354,24-07-2025,Gift Card,Success,354
355,11-02-2025,PayPal,Success,355
356,01-12-2025,Amazon Pay,Pending,356
357,06-03-2024,Amazon Pay,Pending,357
358,20-10-2024,Gift Card,Success,358
359,05-09-2025,Debit Card,Success,359
360,13-02-2025,Credit Card,Success,360
361,26-07-2025,Amazon Pay,Success,361
362,28-06-2024,Credit Card,Success,362
363,11-08-2025,PayPal,Success,363
364,23-08-2025,Debit Card,Refunded,364
365,12-06-2025,Credit Card,Success,365
366,02-05-2025,Amazon Pay,Success,366
367,04-09-2024,Credit Card,Refunded,367
368,23-11-2025,PayPal,Refunded,368
369,11-08-2025,Debit Card,Refunded,369
370,04-05-2025,Credit Card,Success,370
371,06-12-2025,PayPal,Success,371
372,30-08-2024,PayPal,Success,372
373,14-05-2024,Debit Card,Refunded,373
374,29-06-2024,Amazon Pay,Success,374
375,04-08-2025,Amazon Pay,Success,375
376,08-12-2024,Amazon Pay,Success,376
377,12-09-2025,Amazon Pay,Success,377
378,25-01-2025,Amazon Pay,Pending,378
379,14-03-2024,PayPal,Pending,379
380,04-10-2024,Credit Card,Refunded,380
381,08-11-2025,Credit Card,Success,381
382,27-01-2024,Debit Card,Pending,382
383,12-11-2024,Credit Card,Success,383
384,29-11-2024,Gift Card,Refunded,384
385,12-04-2025,Amazon Pay,Success,385
386,28-03-2025,Gift Card,Success,386
387,25-04-2025,Gift Card,Success,387
388,15-07-2025,Debit Card,Success,388
389,13-08-2024,PayPal,Success,389
390,26-02-2025,Gift Card,Success,390
391,29-09-2025,Debit Card,Success,391
392,08-05-2024,PayPal,Success,392
393,15-01-2025,Credit Card,Success,393
394,15-07-2024,Amazon Pay,Refunded,394
395,22-07-2024,PayPal,Success,395
396,13-02-2024,Debit Card,Pending,396
397,13-11-2025,Debit Card,Success,397
398,09-02-2025,Gift Card,Pending,398
399,01-04-2024,Credit Card,Success,399
400,19-12-2025,PayPal,Success,400
401,22-01-2024,Amazon Pay,Success,401
402,14-12-2025,Gift Card,Success,402
403,07-06-2024,Credit Card,Pending,403
404,27-09-2025,Gift Card,Success,404
405,26-11-2024,Credit Card,Success,405
406,25-07-2024,Amazon Pay,Success,406
407,27-08-2025,Amazon Pay,Success,407
408,03-03-2024,Credit Card,Success,408
409,20-03-2024,Gift Card,Refunded,409
410,15-10-2025,Gift Card,Success,410
411,30-06-2025,Amazon Pay,Refunded,411
412,27-11-2024,Amazon Pay,Success,412
413,05-02-2024,PayPal,Refunded,413
414,09-10-2024,Amazon Pay,Refunded,414
415,28-09-2024,Gift Card,Success,415
416,28-11-2024,Credit Card,Success,416
417,27-02-2024,Gift Card,Refunded,417
418,09-10-2025,Debit Card,Success,418
419,14-08-2024,Debit Card,Success,419
420,31-05-2024,PayPal,Success,420
421,20-03-2025,Amazon Pay,Pending,421
422,19-07-2024,Amazon Pay,Success,422
423,24-11-2024,Debit Card,Success,423
424,23-07-2024,Debit Card,Pending,424
425,21-10-2024,Debit Card,Success,425
426,13-07-2025,Credit Card,Success,426
427,23-06-2025,PayPal,Success,427
428,09-01-2024,Debit Card,Success,428
429,11-04-2024,Gift Card,Refunded,429
430,23-01-2024,PayPal,Success,430
431,09-10-2024,PayPal,Failed,431
432,30-03-2024,Gift Card,Pending,432
433,11-09-2025,Debit Card,Success,433
434,23-12-2025,Credit Card,Refunded,434
435,31-01-2024,Debit Card,Pending,435
436,23-09-2025,PayPal,Success,436
437,03-05-2025,Debit Card,Success,437
438,16-01-2024,Debit Card,Refunded,438
439,12-02-2024,Gift Card,Success,439
440,13-02-2024,Amazon Pay,Success,440
441,20-02-2024,Amazon Pay,Success,441
442,07-12-2025,Credit Card,Success,442
443,13-12-2025,Amazon Pay,Pending,443
444,25-07-2024,Credit Card,Refunded,444
445,28-03-2024,Gift Card,Success,445
446,23-06-2024,PayPal,Refunded,446
447,01-04-2025,PayPal,Success,447
448,25-05-2025,Amazon Pay,Success,448
449,22-03-2024,Debit Card,Success,449
450,26-02-2024,PayPal,Success,450
